,ds,yhat,yhat_lower,yhat_upper,y,y_hill,y_hill_b1,yhat_b1,yhat_b1_lower,yhat_b1_upper,current_date,active_patients,fastest_growth_day,growth_stabilized,current_day,cap
0,2020-01-22,-2.5048330391742417,-17.253781884061215,12.537302577043288,0.0,1.3360348352577436e-18,1.4562382359459174e-18,-2.643047670728036,-19.291597967035443,12.782948519024838,2020-05-28,0.0,66.33505362521164,True,128,1804.488230424213
1,2020-01-23,0.7725236558537664,-14.728640290627212,15.440755595933432,0.0,4.174689827995484e-15,4.4849151208544906e-15,0.8174024879613497,-14.325199252760738,17.55788722155031,2020-05-28,0.0,66.33505362521164,True,128,1804.488230424213
2,2020-01-24,2.912091773980904,-13.091817350366366,17.711194503829752,0.0,4.623330323191786e-13,4.925027537739076e-13,2.9449042451577836,-12.597266844397769,19.547729836042297,2020-05-28,0.0,66.33505362521164,True,128,1804.488230424213
3,2020-01-25,1.9851156733830115,-13.099384170750577,19.007800619991706,0.0,1.3044596368332474e-11,1.3812618804232609e-11,2.0174365693940066,-12.845007800172711,17.937515615154254,2020-05-28,0.0,66.33505362521164,True,128,1804.488230424213
4,2020-01-26,2.336903008775324,-13.845774352958085,16.416484111615652,0.0,1.739830829111255e-10,1.8337038758900185e-10,2.533391525015092,-13.540841660635884,18.194731415628464,2020-05-28,0.0,66.33505362521164,True,128,1804.488230424213
5,2020-01-27,-1.1989568631085776,-17.49734381675417,15.599973856697371,0.0,1.4446457204802575e-09,1.5168074789812495e-09,-1.2140045271296436,-17.057125184697934,14.870788577306511,2020-05-28,0.0,66.33505362521164,True,128,1804.488230424213
6,2020-01-28,-4.066706222604533,-19.410639433308923,11.629046286865869,0.0,8.649277276902041e-09,9.052140184926996e-09,-4.2535946665104065,-20.035016174552815,10.36866351553051,2020-05-28,0.0,66.33505362521164,True,128,1804.488230424213
7,2020-01-29,-2.4595516307835332,-16.684300313557955,14.103499486575675,0.0,4.076027236030518e-08,4.254003321922888e-08,-2.6035755092308532,-17.051008772448714,12.962737733754654,2020-05-28,0.0,66.33505362521164,True,128,1804.488230424213
8,2020-01-30,0.8264878899662497,-14.513168894596063,15.810226175214373,0.0,1.5998971517337504e-07,1.6656543995706013e-07,0.8645689906240808,-14.977878123892935,17.211830354419533,2020-05-28,0.0,66.33505362521164,True,128,1804.488230424213
9,2020-01-31,2.9764036793565203,-12.897840217281752,19.05891183369795,0.0,5.436425661121581e-07,5.647431879337258e-07,3.001264868631907,-12.69963507524482,19.58503934297983,2020-05-28,0.0,66.33505362521164,True,128,1804.488230424213
10,2020-02-01,2.0617592675238305,-13.585366936551049,17.22483361884286,0.0,1.6438479814654286e-06,1.7042568204542034e-06,2.0847833939042775,-13.451777640703078,18.067285721839642,2020-05-28,0.0,66.33505362521164,True,128,1804.488230424213
11,2020-02-02,2.428242651308295,-13.852196372546242,16.222333746953666,0.0,4.514064768512495e-06,4.6714559558231226e-06,2.6138658839785944,-12.884162956257583,19.199413888771087,2020-05-28,0.0,66.33505362521164,True,128,1804.488230424213
12,2020-02-03,-1.0901035849221359,-15.715465457085811,13.696637845204958,0.0,1.143242356943908e-05,1.1811282227287275e-05,-1.1178440042896336,-17.53601102368546,14.997256306666154,2020-05-28,0.0,66.33505362521164,True,128,1804.488230424213
13,2020-02-04,-3.9369816526598926,-20.089144665238738,11.816696766590004,0.0,2.7026278339972634e-05,2.7878734925389716e-05,-4.138690764760583,-19.25729144620346,12.6009216124144,2020-05-28,0.0,66.33505362521164,True,128,1804.488230424213
14,2020-02-05,-2.304954579755014,-16.942282825228347,13.320127582669343,0.0,6.020660652096588e-05,6.2016238506524e-05,-2.466275316362903,-18.841839711156982,14.520054633335366,2020-05-28,0.0,66.33505362521164,True,128,1804.488230424213
15,2020-02-06,1.0107254070744376,-14.269439161428357,15.289920073127226,0.0,0.00012736305818853566,0.00013101456873692858,1.028630090854855,-14.970514650940519,16.023128266484843,2020-05-28,0.0,66.33505362521164,True,128,1804.488230424213
16,2020-02-07,3.1959632827537097,-13.159328326319502,18.42512969107273,0.0,0.0002574596340483775,0.00026450603653163527,3.1973017673454343,-13.2002170628913,19.130766450377312,2020-05-28,0.0,66.33505362521164,True,128,1804.488230424213
17,2020-02-08,2.3234111251128615,-13.50213863244732,18.318324285875253,0.0,0.0004999175432209783,0.0005129872508417781,2.319026768509264,-13.785762910781335,19.430613286270074,2020-05-28,0.0,66.33505362521164,True,128,1804.488230424213
18,2020-02-09,2.7400538111905766,-12.715827835072876,18.674452474334448,0.0,0.0009364874322861646,0.0009598865985851652,2.8937598715342325,-13.63445259194315,18.08659008079955,2020-05-28,0.0,66.33505362521164,True,128,1804.488230424213
19,2020-02-10,-0.7185210835530521,-15.977492822934682,15.940718839447275,0.0,0.0016987109214446417,0.0017392915350895395,-0.7834057465546187,-18.377785609338392,15.455104651126987,2020-05-28,0.0,66.33505362521164,True,128,1804.488230424213
20,2020-02-11,-3.494175334970329,-20.214018448765323,12.384290052043804,0.0,0.002993065664844778,0.0030614471860395654,-3.7390831913104132,-20.0455140849497,11.183948955152962,2020-05-28,0.0,66.33505362521164,True,128,1804.488230424213
21,2020-02-12,-1.7772797828763895,-15.941913988890207,13.733835618990119,0.0,0.005136494827209243,0.005248746325319567,-1.9888054775898176,-17.91681774370657,14.643930240780305,2020-05-28,0.0,66.33505362521164,True,128,1804.488230424213
22,2020-02-13,1.639524246434572,-14.175924400927379,17.332319750277453,0.0,0.008605758215827396,0.008785668599258143,1.599124736964403,-13.818943429352567,16.78154882590071,2020-05-28,0.0,66.33505362521164,True,128,1804.488230424213
23,2020-02-14,3.9452509341382473,-11.6228380538018,19.326148169102133,0.0,0.014104926970579476,0.014387012327284955,3.8789327380950565,-12.46019958103566,20.13988456949544,2020-05-28,0.0,66.33505362521164,True,128,1804.488230424213
24,2020-02-15,3.216254433277401,-12.208047458316535,19.376445708496384,0.0,0.022656396565693727,0.023089814908996992,3.1334265192997544,-13.455975393862204,20.614614013638562,2020-05-28,0.0,66.33505362521164,True,128,1804.488230424213
25,2020-02-16,3.8039268462018723,-11.880606665098211,18.791004507247695,0.0,0.0357220347252798,0.03637559827635852,3.8667640141516424,-12.558014742890224,20.164506776639573,2020-05-28,0.0,66.33505362521164,True,128,1804.488230424213
26,2020-02-17,0.5491013451252171,-14.523669806185564,15.585972826962387,0.0,0.05536253292311544,0.056331024759358986,0.3790549935298744,-15.049623950584865,16.657548286435034,2020-05-28,0.0,66.33505362521164,True,128,1804.488230424213
27,2020-02-18,-1.9838419450198286,-17.752022025858803,13.93320787335677,0.0,0.0844447131510079,0.08585672641489542,-2.3503275732424873,-17.50249598928472,13.790370148508568,2020-05-28,0.0,66.33505362521164,True,128,1804.488230424213
28,2020-02-19,0.022151372980718342,-16.222417186541588,16.346703344832164,0.0,0.12690847431285573,0.12893599541828749,-0.3297757592752695,-15.703201177146093,15.882363341563085,2020-05-28,0.0,66.33505362521164,True,128,1804.488230424213
29,2020-02-20,3.7841002724361097,-12.315562563599348,18.823287568805192,0.0,0.18810725919006321,0.19097720806704727,3.5809235805862127,-13.167649736796688,20.033617056503967,2020-05-28,0.0,66.33505362521164,True,128,1804.488230424213
30,2020-02-21,6.501001552785551,-9.242600930532983,23.52969549358691,0.0,0.2752383893760258,0.2792463053638067,6.246147090480563,-8.768004287617742,21.863619558701256,2020-05-28,0.0,66.33505362521164,True,128,1804.488230424213
31,2020-02-22,6.261769401171546,-10.334016734345164,21.847289198960617,0.0,0.3978823435915931,0.4034083596559873,5.960798088858892,-10.94722360069425,21.14969610222662,2020-05-28,0.0,66.33505362521164,True,128,1804.488230424213
32,2020-02-23,7.4327148167079224,-9.015760907877665,21.98748379786491,0.0,0.5686730128377943,0.5762001865839529,7.243437917765114,-7.646476263242563,24.354882321348377,2020-05-28,0.0,66.33505362521164,True,128,1804.488230424213
33,2020-02-24,4.8723790188223255,-11.664515694224422,20.699812971950927,0.0,0.804124085829471,0.8142590449880024,4.411316667158334,-11.705237093015851,18.754794347917574,2020-05-28,0.0,66.33505362521164,True,128,1804.488230424213
34,2020-02-25,3.166142736305641,-13.450591642110217,19.337206234141803,0.0,1.1256398760416464,1.1391355785928818,2.464188054973274,-12.813733075717945,19.073137988864232,2020-05-28,0.0,66.33505362521164,True,128,1804.488230424213
35,2020-02-26,6.1559401731477035,-9.90771184686192,21.11865738189921,0.0,1.5607418897960155,1.5785220824985824,5.417870244533212,-10.771415764495986,21.09768854108446,2020-05-28,0.0,66.33505362521164,True,128,1804.488230424213
36,2020-02-27,11.087399172263217,-3.333039246157564,26.54330111727115,0.0,2.1445449230641542,2.1677295925736098,10.441300428885771,-6.780536877581475,25.206033517212024,2020-05-28,0.0,66.33505362521164,True,128,1804.488230424213
37,2020-02-28,15.19481285431845,-1.5675480774034223,30.701581144181098,1.0,2.9215179578497708,2.9514486896037733,14.43289208300471,-1.1942734129092099,29.941918946946675,2020-05-28,1.0,66.33505362521164,True,128,1804.488230424213
38,2020-02-29,16.608029698208703,2.1492325329570905,32.45284500602489,1.0,3.947564856799554,3.9858285309118653,15.72780796838038,-0.9546352675219194,30.511033305563863,2020-05-28,1.0,66.33505362521164,True,128,1804.488230424213
39,2020-03-01,19.741531473577464,4.753001498846677,34.68542031078229,3.0,5.292456742355335,5.340905385762074,18.892134549623485,3.3697050401263833,35.65757578152025,2020-05-28,3.0,66.33505362521164,True,128,1804.488230424213
40,2020-03-02,19.510401464607288,4.010376358353466,34.663680984628286,6.0,7.042640466995709,7.103404333320757,18.29908746786092,2.0746477293748535,35.12238796010438,2020-05-28,6.0,66.33505362521164,True,128,1804.488230424213
41,2020-03-03,20.566184901689148,4.135024083981601,36.11160981978661,11.0,9.304433642889412,9.37992370097702,19.014132037984293,4.402601543576571,35.0055741478439,2020-05-28,11.0,66.33505362521164,True,128,1804.488230424213
42,2020-03-04,26.82795381165506,12.02309591914985,42.93087143564103,26.0,12.207593530149524,12.30048852132332,25.129967640380084,9.597372362164831,42.077150028226995,2020-05-28,26.0,66.33505362521164,True,128,1804.488230424213
43,2020-03-05,35.630864199158104,19.92624963620277,50.95166719324088,34.0,15.909211149281246,16.022423264882736,33.90509605973149,16.962368620462954,49.44491851727739,2020-05-28,34.0,66.33505362521164,True,128,1804.488230424213
44,2020-03-06,44.31255268999193,29.379997106731796,59.81355586886134,43.0,20.59782901238725,20.734441138772034,42.34172108165613,26.335669205609594,58.36694139516193,2020-05-28,43.0,66.33505362521164,True,128,1804.488230424213
45,2020-03-07,51.12136722493461,35.54476617504825,66.29644965333279,50.0,26.497606075860276,26.660772619243662,48.894518886756615,34.50615669050307,64.7464776588426,2020-05-28,50.0,66.33505362521164,True,128,1804.488230424213
46,2020-03-08,60.60656241249461,45.01360970131689,76.33017603609213,50.0,33.872252209461486,34.065055016680006,58.266115894226594,41.14656137760777,73.21942116522007,2020-05-28,50.0,66.33505362521164,True,128,1804.488230424213
47,2020-03-09,67.83496227442333,52.0357519883787,82.61993925684254,58.0,43.02832323940858,43.25357447534113,64.98421169386255,50.32129560927821,80.68734458546864,2020-05-28,58.0,66.33505362521164,True,128,1804.488230424213
48,2020-03-10,77.62681552563258,62.480716723511605,93.68842321242172,69.0,54.31730638619734,54.577291970949204,74.28695060507911,58.060922635254045,90.05592246010083,2020-05-28,68.0,66.33505362521164,True,128,1804.488230424213
49,2020-03-11,94.08578582349425,77.75765565572694,110.05547480670748,85.0,68.1357411396312,68.43190219089965,90.45711210421628,74.58175769711964,105.77590761016727,2020-05-28,84.0,66.33505362521164,True,128,1804.488230424213
50,2020-03-12,114.74488976260507,99.53587879980597,129.91150957964578,103.0,84.92242967435767,85.25498612246113,110.95834658502162,95.4055412770203,127.05393728697241,2020-05-28,102.0,66.33505362521164,True,128,1804.488230424213
51,2020-03-13,137.14814639958573,121.72833430040859,153.90729379935536,134.0,105.15162734272162,105.51915817662005,133.00858812175161,118.61614721283547,148.4215176930482,2020-05-28,133.0,66.33505362521164,True,128,1804.488230424213
52,2020-03-14,159.75125698970584,144.50599863100598,176.38113178560047,156.0,129.3210220854965,129.7200308362598,155.28145757800831,138.28369830713515,171.30001907941224,2020-05-28,155.0,66.33505362521164,True,128,1804.488230424213
53,2020-03-15,187.3007235106029,171.0323833136811,203.79139232114076,171.0,157.9333889896353,158.35790048248555,182.69069880192185,167.1512553860042,198.24893037720187,2020-05-28,158.0,66.33505362521164,True,128,1804.488230424213
54,2020-03-16,215.03523291386637,199.16696361135718,230.86401418548132,180.0,191.4711370358334,191.9123901158768,209.9518155262871,193.87361732089522,224.50084234633331,2020-05-28,180.0,66.33505362521164,True,128,1804.488230424213
55,2020-03-17,247.901556006843,231.7871312507196,263.1171751931469,220.0,230.36364244813288,230.80995932441854,242.44692420156775,226.36936319359023,258.4115348933989,2020-05-28,219.0,66.33505362521164,True,128,1804.488230424213
56,2020-03-18,290.0598497379745,275.30878632412407,306.00493281954823,250.0,274.9483434742622,275.3852634905778,284.53322411516143,266.6443778943238,300.7200426415986,2020-05-28,244.0,66.33505362521164,True,128,1804.488230424213
57,2020-03-19,339.00083131697284,323.9091650220093,355.37355598868606,330.0,325.4280232736345,325.83877998292127,333.64887265146666,317.6735285636507,350.15567671157174,2020-05-28,324.0,66.33505362521164,True,128,1804.488230424213
58,2020-03-20,392.09626757154984,376.77276294290056,407.28189861907083,409.0,381.8283559269627,382.1947447859468,386.8530472435855,370.48842633177594,402.69943188972076,2020-05-28,404.0,66.33505362521164,True,128,1804.488230424213
59,2020-03-21,447.4690692376596,431.14350717809975,462.90766364931505,473.0,443.96128552787405,444.264912899185,442.4940511006268,427.88362590260164,459.03982176221893,2020-05-28,450.0,66.33505362521164,True,128,1804.488230424213
60,2020-03-22,509.3467619918233,493.9624195896072,525.9572461339644,568.0,511.4006551345868,511.62448286535556,504.96515886029755,488.65928334470533,520.8979206633608,2020-05-28,531.0,66.33505362521164,True,128,1804.488230424213
61,2020-03-23,572.2477022276092,557.4006496692463,587.7776868719245,588.0,583.4761835677652,583.6062022342104,568.2482572068174,552.9638071519408,584.1158530928169,2020-05-28,551.0,66.33505362521164,True,128,1804.488230424213
62,2020-03-24,640.1983483598289,624.1931004673849,655.5340872216968,648.0,659.2900700348133,659.316870943576,636.7780432748443,621.9918030259514,652.5723283409576,2020-05-28,595.0,66.33505362521164,True,128,1804.488230424213
63,2020-03-25,716.261919739799,700.475222714378,730.3727990649177,737.0,737.7572611894184,737.677256483753,713.7665485682982,697.3862095218215,729.8232453095158,2020-05-28,679.0,66.33505362521164,True,128,1804.488230424213
64,2020-03-26,796.7042458373919,780.596590878115,812.8418568124868,802.0,817.6663355258827,817.4824124227024,795.3788912335191,779.2189197773398,811.2881630780096,2020-05-28,718.0,66.33505362521164,True,128,1804.488230424213
65,2020-03-27,877.6179672395682,862.0966816697867,893.8908911685182,890.0,897.7540597832739,897.4755466431981,877.3318083248763,860.832038491834,892.2614248551802,2020-05-28,791.0,66.33505362521164,True,128,1804.488230424213
66,2020-03-28,955.8864439831599,939.3364273315301,971.4917767146779,963.0,976.7840564939792,976.4260031293475,956.6676041161063,941.8106199740649,971.8579000396957,2020-05-28,847.0,66.33505362521164,True,128,1804.488230424213
67,2020-03-29,1034.6414735435976,1019.4018428740942,1050.2168287723955,1020.0,1053.6194578071547,1053.20135576471,1036.6216648712816,1020.7703407627175,1053.472693817665,2020-05-28,883.0,66.33505362521164,True,128,1804.488230424213
68,2020-03-30,1107.5509253507169,1092.522341076279,1123.4938204408809,1086.0,1127.2810224128932,1126.8251794087178,1110.2753267549094,1095.2287433136598,1126.9434618298974,2020-05-28,927.0,66.33505362521164,True,128,1804.488230424213
69,2020-03-31,1178.120015629924,1162.7172180552507,1192.8915938153034,1135.0,1196.9853913756867,1196.5152076603952,1181.5108040491218,1165.307559822038,1197.8132323409714,2020-05-28,935.0,66.33505362521164,True,128,1804.488230424213
70,2020-04-01,1249.2735388587616,1232.3148808939661,1264.9172866504196,1220.0,1262.161967087872,1261.7003396744503,1253.4003920004732,1237.9829579490643,1269.6847732822212,2020-05-28,993.0,66.33505362521164,True,128,1804.488230424213
71,2020-04-02,1317.5361975337,1301.981499563119,1332.573269538447,1319.0,1322.4503127325347,1322.018331830348,1322.3781206838898,1306.4476807400547,1339.3405011979492,2020-05-28,1031.0,66.33505362521164,True,128,1804.488230424213
72,2020-04-03,1379.6298079400322,1364.612757073714,1395.711495099353,1364.0,1377.6823021441137,1377.2983260241338,1384.8280411019755,1368.7244675272957,1401.539739983169,2020-05-28,1051.0,66.33505362521164,True,128,1804.488230424213
73,2020-04-04,1433.373167301425,1417.525172719722,1448.4104650284228,1417.0,1427.8542732501423,1427.5333945116897,1438.7828094105603,1423.5324436112944,1455.5626634543075,2020-05-28,1017.0,66.33505362521164,True,128,1804.488230424213
74,2020-04-05,1483.0489334101715,1468.3809170868365,1498.3744336076154,1486.0,1473.0943174532708,1472.8481789772122,1488.6931459856162,1471.9516656282676,1505.2606401996177,2020-05-28,1054.0,66.33505362521164,True,128,1804.488230424213
75,2020-04-06,1523.5874356764818,1508.0420970371647,1538.946335056808,1562.0,1513.6289558078788,1513.4658432938584,1528.969066123384,1511.834572287507,1545.5799585532677,2020-05-28,1096.0,66.33505362521164,True,128,1804.488230424213
76,2020-04-07,1559.7656148072813,1544.7129846260984,1576.1513644088086,1586.0,1549.7522308175412,1549.6773585042085,1564.8254038912146,1548.2974893156925,1581.1887484069423,2020-05-28,1021.0,66.33505362521164,True,128,1804.488230424213
77,2020-04-08,1595.7007657536042,1580.4057216875624,1610.697861733612,1616.0,1581.7990155001546,1581.814926605517,1600.5772252917245,1584.7545204877863,1616.548657992494,2020-05-28,977.0,66.33505362521164,True,128,1804.488230424213
78,2020-04-09,1628.9645107608992,1614.0888346837216,1644.615075167002,1648.0,1610.123313183039,1610.2303301990862,1633.7421127941273,1617.5531667314374,1648.5248396413651,2020-05-28,954.0,66.33505362521164,True,128,1804.488230424213
79,2020-04-10,1657.1392317743055,1641.4764975590688,1671.9838324075704,1675.0,1635.0815746762296,1635.2782514088567,1661.586946965215,1645.1615277960138,1678.0101936141411,2020-05-28,917.0,66.33505362521164,True,128,1804.488230424213
80,2020-04-11,1678.7017821150625,1663.2415496794242,1694.3127906220132,1689.0,1657.020590822662,1657.3041342593565,1682.8114662497017,1666.671194505096,1698.9905605228746,2020-05-28,840.0,66.33505362521164,True,128,1804.488230424213
81,2020-04-12,1698.394682057159,1683.8868050398275,1714.3076926601514,1701.0,1676.2692788295474,1676.6359225323847,1702.324395532535,1686.308414778775,1717.474778003462,2020-05-28,804.0,66.33505362521164,True,128,1804.488230424213
82,2020-04-13,1711.428938305211,1696.6552293493423,1727.3159691405333,1711.0,1693.1336060950239,1693.57892714256,1714.8065952219467,1698.5523615728964,1731.1107575259566,2020-05-28,770.0,66.33505362521164,True,128,1804.488230424213
83,2020-04-14,1722.710682302165,1706.6250319399112,1738.6998405568668,1720.0,1707.8939250856095,1708.4131037244758,1725.5871983736001,1709.2220170011374,1740.9337092554215,2020-05-28,723.0,66.33505362521164,True,128,1804.488230424213
84,2020-04-15,1736.3660736788509,1721.8156158304305,1751.3795489042334,1727.0,1720.804079196352,1721.3921048196958,1738.9727322168744,1724.047169082063,1755.8373107335865,2020-05-28,642.0,66.33505362521164,True,128,1804.488230424213
85,2020-04-16,1749.8859527069403,1733.9050859563326,1765.8482495588605,1739.0,1732.0917486658104,1732.743578149409,1752.3820764483703,1736.786748163488,1767.6456385369195,2020-05-28,587.0,66.33505362521164,True,128,1804.488230424213
86,2020-04-17,1760.709915730361,1745.4952773705165,1776.5078505425633,1754.0,1741.9596162855498,1742.6702916920563,1762.92228877324,1747.1344300290075,1779.145587789255,2020-05-28,521.0,66.33505362521164,True,128,1804.488230424213
87,2020-04-18,1767.1332994425143,1751.4038182667948,1783.068288685876,1760.0,1750.5870331455496,1751.3517658586109,1769.09630083583,1753.454998601662,1785.2569416306212,2020-05-28,460.0,66.33505362521164,True,128,1804.488230424213
88,2020-04-19,1773.6968728625043,1758.4395934346694,1790.0473202525993,1771.0,1758.1319498230118,1758.9461776791368,1775.5979737999194,1760.5825725041325,1791.4123590579952,2020-05-28,471.0,66.33505362521164,True,128,1804.488230424213
89,2020-04-20,1775.403587705916,1760.2656504280992,1792.4678055829154,1773.0,1764.7329471205956,1765.592370337748,1776.8892926697595,1760.296617431374,1793.0804646860215,2020-05-28,401.0,66.33505362521164,True,128,1804.488230424213
90,2020-04-21,1776.955139694777,1761.4624871687556,1793.0010240555116,1778.0,1770.5112537864195,1771.411854622028,1778.0863315902882,1761.9728901713377,1794.383581703743,2020-05-28,351.0,66.33505362521164,True,128,1804.488230424213
91,2020-04-22,1782.2834902374912,1767.2518318226173,1798.1966267096668,1785.0,1775.5726787241701,1776.5107289401196,1783.2947767378928,1767.3437542228205,1799.0379636661066,2020-05-28,313.0,66.33505362521164,True,128,1804.488230424213
92,2020-04-23,1788.6995476283676,1773.8659981020419,1804.751518947508,1789.0,1780.0094144458958,1780.9814738739033,1789.7486389126275,1776.2365424657864,1807.1133474177093,2020-05-28,270.0,66.33505362521164,True,128,1804.488230424213
93,2020-04-24,1793.4793326140127,1778.2810515285134,1808.1258680428793,1789.0,1783.9016892476636,1784.9045980628584,1794.3878810980464,1779.4032047394178,1810.157145795106,2020-05-28,237.0,66.33505362521164,True,128,1804.488230424213
94,2020-04-25,1794.7716650345064,1778.892028780307,1810.203902784419,1790.0,1787.3192598226995,1788.350126553748,1795.5665422093427,1779.5130279996017,1811.4689348717602,2020-05-28,210.0,66.33505362521164,True,128,1804.488230424213
95,2020-04-26,1796.9876124733794,1780.9488461930391,1812.930682519683,1792.0,1790.3227454384864,1791.3789322651203,1797.847303211581,1780.3611374075972,1814.2902079626217,2020-05-28,174.0,66.33505362521164,True,128,1804.488230424213
96,2020-04-27,1795.0163913722727,1779.4461153870463,1810.1860929691297,1792.0,1792.964810718677,1794.0439172219183,1795.5776208451869,1779.8880321664203,1811.8817120926446,2020-05-28,158.0,66.33505362521164,True,128,1804.488230424213
97,2020-04-28,1793.4607246338592,1778.207620853033,1809.1482440559087,1795.0,1795.291207507176,1796.3910537313866,1793.7743136049992,1777.4119974813427,1810.0403136327718,2020-05-28,149.0,66.33505362521164,True,128,1804.488230424213
98,2020-04-29,1796.1669845737379,1781.2335196130557,1811.468545179637,1797.0,1797.341688016068,1798.460297462401,1796.4575638120878,1778.806372140924,1811.853359811667,2020-05-28,131.0,66.33505362521164,True,128,1804.488230424213
99,2020-04-30,1800.3724435545987,1784.3139075798056,1816.3697849575124,1797.0,1799.1508020341003,1800.2863850199428,1800.788087249387,1785.1028742549422,1816.4478788204547,2020-05-28,117.0,66.33505362521164,True,128,1804.488230424213
100,2020-05-01,1803.2900378782986,1787.7815456172718,1820.501308567982,1798.0,1800.7485908041303,1801.899528482134,1803.6432719893835,1786.9761084378624,1819.5722216445258,2020-05-28,99.0,66.33505362521164,True,128,1804.488230424213
101,2020-05-02,1803.0147313720286,1787.906666000419,1818.75433752993,1798.0,1802.1611895535539,1803.3260187777805,1803.323912986194,1787.7453987455776,1819.520830290021,2020-05-28,82.0,66.33505362521164,True,128,1804.488230424213
102,2020-05-03,1803.9117473128688,1787.9258463086012,1819.4220947527492,1799.0,1803.4113497804422,1804.5887489284728,1804.3475123162925,1787.4856779343947,1819.9825125080304,2020-05-28,72.0,66.33505362521164,True,128,1804.488230424213
103,2020-05-04,1800.8313717113426,1785.6347539415679,1817.120726184489,1799.0,1804.518891394951,1805.7076671973834,1801.023279366159,1784.185303207588,1816.8376168506372,2020-05-28,66.0,66.33505362521164,True,128,1804.488230424213
104,2020-05-05,1798.343334507707,1783.747819502547,1814.5765676971355,1799.0,1805.5010937794113,1806.7001691670805,1798.335715180552,1782.4911881038918,1813.0634948916324,2020-05-28,56.0,66.33505362521164,True,128,1804.488230424213
105,2020-05-06,1800.266093704126,1784.334582357449,1815.2752314796726,1799.0,1806.3730338177745,1807.581436768354,1800.2777385389784,1784.8109048320434,1816.2467251849782,2020-05-28,39.0,66.33505362521164,True,128,1804.488230424213
106,2020-05-07,1803.8133371735648,1789.224415569371,1818.948680525506,1801.0,1807.14787798945,1808.364731335778,1803.9870956746424,1787.7624519706021,1820.192307288869,2020-05-28,36.0,66.33505362521164,True,128,1804.488230424213
107,2020-05-08,1806.178098157399,1791.5485056421835,1822.5801390207023,1801.0,1807.8371347423547,1809.0616468924777,1806.3218441398665,1790.3208431129194,1822.0424218519947,2020-05-28,26.0,66.33505362521164,True,128,1804.488230424213
108,2020-05-09,1805.4385605494347,1789.581579147751,1820.813849038428,1801.0,1808.4508725631483,1809.6823290748357,1805.5665258346241,1788.9275427834712,1822.2132317201135,2020-05-28,18.0,66.33505362521164,True,128,1804.488230424213
109,2020-05-10,1805.9458122671251,1789.6818074631187,1820.9884615013093,1801.0,1808.9979084504582,1810.2356643994638,1806.2249877958848,1790.8685270595722,1822.4298886412325,2020-05-28,18.0,66.33505362521164,True,128,1804.488230424213
110,2020-05-11,1802.538239853907,1786.4270751120507,1818.9429910778579,1801.0,1809.485970866596,1810.7294439470584,1802.5949744502184,1786.3359301840078,1819.0782754494571,2020-05-28,18.0,66.33505362521164,True,128,1804.488230424213
111,2020-05-12,1799.7755617206167,1784.191439043649,1815.3200649097466,1801.0,1809.92184068955,1811.170504985921,1799.651365856018,1783.8624196137612,1814.1911149931077,2020-05-28,15.0,66.33505362521164,True,128,1804.488230424213
112,2020-05-13,1801.4678167649834,1786.3690340712037,1818.2775348927664,1802.0,1810.311473203424,1811.5648535755356,1801.3790108139879,1785.3452849799414,1817.1692204192595,2020-05-28,12.0,66.33505362521164,True,128,1804.488230424213
113,2020-05-14,1804.8216157229692,1788.262824342296,1820.1007536603538,1802.0,1810.6601037450368,1811.917770770921,1804.9088890769096,1788.1073464621863,1820.9591455839786,2020-05-28,12.0,66.33505362521164,True,128,1804.488230424213
114,2020-05-15,1807.0240447564252,1791.6410518783323,1822.133067787088,1802.0,1810.9723392601159,1812.2339046846798,1807.09338644076,1791.531348576124,1823.1506330385093,2020-05-28,10.0,66.33505362521164,True,128,1804.488230424213
115,2020-05-16,1806.1482916963182,1791.4832818137677,1821.6844066640017,1802.0,1811.2522377077928,1812.5173503491465,1806.2122919038716,1790.8531603868794,1821.75692256433,2020-05-28,6.0,66.33505362521164,True,128,1804.488230424213
116,2020-05-17,1806.5412483217008,1791.46599403666,1822.2586562352958,1802.0,1811.5033769807721,1812.7717190497701,1806.765470466896,1791.3948959651561,1822.6499496348363,2020-05-28,6.0,66.33505362521164,True,128,1804.488230424213
117,2020-05-18,1803.0377775808004,1788.495976013931,1818.5250071755768,1802.0,1811.728914774991,1813.0001985672618,1803.0473309695426,1787.9926554378026,1818.381533156844,2020-05-28,6.0,66.33505362521164,True,128,1804.488230424213
118,2020-05-19,1800.194639528814,1784.671338554986,1815.1161522527702,1802.0,1811.9316406417909,1813.205605565094,1800.029959814135,1783.753845344947,1816.8452502046075,2020-05-28,3.0,66.33505362521164,True,128,1804.488230424213
119,2020-05-20,1801.819389618797,1785.9186196380729,1816.182170977993,1803.0,1812.1140212831633,1813.3904311863043,1801.695866328148,1785.5466145306361,1819.5510320739488,2020-05-28,4.0,66.33505362521164,True,128,1804.488230424213
120,2020-05-21,1805.1165540568788,1789.9358772490677,1821.269067288457,1803.0,1812.2782400025435,1813.5568807752545,1805.1740713438528,1788.1731403163947,1820.4679599333504,2020-05-28,3.0,66.33505362521164,True,128,1804.488230424213
121,2020-05-22,1807.2714694830738,1792.524909507405,1821.8553265634732,1803.0,1812.4262310965823,1813.7069085127134,1807.3153205332624,1792.6601985676728,1823.993871250387,2020-05-28,2.0,66.33505362521164,True,128,1804.488230424213
122,2020-05-23,1806.3558554949261,1791.7327557809258,1822.4338275920875,1804.0,1812.5597098642631,1813.842247643357,1806.3980297887967,1790.1435904540863,1821.4139539588562,2020-05-28,3.0,66.33505362521164,True,128,1804.488230424213
123,2020-05-24,1806.715371785398,1790.9402558295008,1822.5910219437123,1804.0,1812.6801988161862,1813.964436880983,1806.9209146237486,1790.5853379597668,1823.3908956077378,2020-05-28,3.0,66.33505362521164,True,128,1804.488230424213
124,2020-05-25,1803.1838474420072,1787.682452991496,1819.1908054078892,1804.0,1812.7890505865319,1814.0748434962225,1803.177421641785,1787.0171185300344,1817.739744209391,2020-05-28,3.0,66.33505362521164,True,128,1804.488230424213
125,2020-05-26,1800.3171750348533,1784.3760270580246,1815.5135623874435,1804.0,1812.887467981268,1814.1746835223773,1800.1388317926755,1784.7306800280664,1816.8507356841,2020-05-28,2.0,66.33505362521164,True,128,1804.488230424213
126,2020-05-27,1801.922182162643,1786.2482450686323,1818.5111891887768,1805.0,1812.9765215369723,1814.2650394556047,1801.7869802137134,1785.9355014083853,1817.8663211610328,2020-05-28,3.0,66.33505362521164,True,128,1804.488230424213
127,2020-05-28,1805.2027843536312,1789.6557553122022,1819.951417844522,1805.0,1813.0571649137519,1814.3468757746214,1805.2503234352437,1789.8822319743608,1820.262541462645,2020-05-28,3.0,66.33505362521164,True,128,1804.488230424213
128,2020-05-29,1807.3438058969627,1791.5931417722409,1821.1811117955504,,1813.1302484020082,1814.4210525611916,1807.3791348167865,1790.543715962738,1822.905773241512,2020-05-28,,66.33505362521164,True,128,1804.488230424213
129,2020-05-30,1806.416536544572,1792.4259172336617,1822.209761885603,,1813.1965307851765,1814.4883374648796,1806.4514349404826,1790.0958759885898,1822.2392769594048,2020-05-28,,66.33505362521164,True,128,1804.488230424213
130,2020-05-31,1806.76627537032,1791.465637274664,1821.7876647540768,,1813.2566897681636,1814.549416223027,1806.9656084637363,1791.631331489266,1823.4419826573114,2020-05-28,,66.33505362521164,True,128,1804.488230424213
131,2020-06-01,1803.2265489252804,1787.4287304479699,1818.1430476075323,,1813.311331153327,1814.604901918881,1803.2148250837224,1787.4076479952682,1819.3776379102653,2020-05-28,,66.33505362521164,True,128,1804.488230424213
132,2020-06-02,1800.3529959743357,1784.9827601098189,1815.3808564288524,,1813.3609969217696,1814.655343136645,1800.1701339990434,1784.1698244303686,1815.8129533934277,2020-05-28,,66.33505362521164,True,128,1804.488230424213
133,2020-06-03,1801.9522311953094,1786.6437960547858,1816.4021393500066,,1813.4061723569846,1814.7012311513513,1801.813176389687,1786.2363375298935,1818.5487072397152,2020-05-28,,66.33505362521164,True,128,1804.488230424213
134,2020-06-04,1805.2279914958015,1788.8707979395317,1820.461353591825,,1813.447292329964,1814.7430062734704,1805.2722464605758,1789.0810715613943,1821.2774447660981,2020-05-28,,66.33505362521164,True,128,1804.488230424213
135,2020-06-05,1807.3649513202383,1791.8754013200225,1822.9794332568686,,1813.484746849405,1814.781063452585,1807.3974817199655,1790.72176735457,1823.5782854691024,2020-05-28,,66.33505362521164,True,128,1804.488230424213
136,2020-06-06,1806.4342747168068,1791.117254808437,1821.9338436643475,,1813.5188859672605,1814.8157572310085,1806.4667890558276,1789.692383965613,1823.4441236554205,2020-05-28,,66.33505362521164,True,128,1804.488230424213
137,2020-06-07,1806.7811553079434,1792.1411433979738,1822.5147280737256,,1813.5500241182879,1814.8474061265686,1806.978457975199,1790.4451835372379,1823.2625135708756,2020-05-28,,66.33505362521164,True,128,1804.488230424213
138,2020-06-08,1803.2390311831793,1789.1027566919001,1817.9221343607958,,1813.578443962214,1814.8762965136714,1803.2255785445102,1786.8034736728227,1818.3825883078616,2020-05-28,,66.33505362521164,True,128,1804.488230424213
139,2020-06-09,1800.3634668987015,1785.0822097899081,1815.2968820370609,,1813.6043997884287,1814.9026860630095,1800.1791333201256,1784.7002424294117,1816.4258928528975,2020-05-28,,66.33505362521164,True,128,1804.488230424213
140,2020-06-10,1801.9610148802801,1785.530990808322,1817.3092077774966,,1813.6281205355674,1814.92680679268,1801.820707709912,1786.169434320882,1816.5215477318645,2020-05-28,,66.33505362521164,True,128,1804.488230424213
141,2020-06-11,1805.2353598137934,1789.5612250711047,1820.5782448392563,,1813.6498124717746,1814.9488677768586,1805.278549243883,1789.7661145471336,1821.2764321559757,2020-05-28,,66.33505362521164,True,128,1804.488230424213
142,2020-06-12,1807.3711323362536,1792.041842642011,1822.5930586560348,,1813.669661575748,1814.9690575524546,1807.402756368798,1790.6597512908438,1822.7285124569435,2020-05-28,,66.33505362521164,True,128,1804.488230424213
143,2020-06-13,1806.4394597470466,1791.8679930923138,1822.6223895945657,,1813.687835653692,1814.9875462591608,1806.471203282732,1790.3864413252234,1823.4371770307312,2020-05-28,,66.33505362521164,True,128,1804.488230424213
144,2020-06-14,1806.7855048411257,1791.4208012282286,1822.3397383830693,,1813.70448622299,1815.004487543965,1806.9821521351478,1791.077143323345,1822.864349200146,2020-05-28,,66.33505362521164,True,128,1804.488230424213
145,2020-06-15,1803.2426798477743,1787.1034728629593,1818.6319401487178,,1813.7197501896392,1815.020020257396,1803.2286700974273,1787.236878175907,1819.2853087481894,2020-05-28,,66.33505362521164,True,128,1804.488230424213
146,2020-06-16,1800.366527629886,1785.356417040458,1815.7985142494288,,1813.7337513432067,1815.0342699654686,1800.1817205655805,1785.07851732128,1816.0380348200201,2020-05-28,,66.33505362521164,True,128,1804.488230424213
147,2020-06-17,1801.9635824153952,1786.3578010042197,1817.6148572321058,,1813.7466016901913,1815.0473502984007,1801.8228729125333,1785.9607848876126,1817.440879588124,2020-05-28,,66.33505362521164,True,128,1804.488230424213
